{
    "Modules": {
        "...MASTER...": {
            "start_perf": [
                0.49825406074523926,
                0.055990999999999999,
                0.023996,
                237412,
                250756,
                1650163687.1040461,
                38304733536548
            ],
            "child_modules": {
                "std": 1,
                "tb": 1
            },
            "nMops": 0,
            "end_perf": [
                0.50138187408447266,
                0.056991,
                0.023996,
                238880,
                250756,
                38304740752449,
                0,
                0
            ],
            "nRouts": 5,
            "nQuads": 0
        },
        "std": {
            "start_perf": [
                0.50143790245056152,
                0.056991,
                0.023996,
                238880,
                250756,
                1650163687.1072299,
                38304740872477
            ],
            "svclass": [
                "$vcs_nba_dyn_obj",
                0,
                37,
                2,
                2,
                0,
                "sigprop$$",
                0,
                37,
                2,
                2,
                0,
                "process",
                0,
                184,
                8,
                8,
                0,
                "event",
                0,
                36,
                2,
                2,
                0,
                "mailbox",
                0,
                107,
                9,
                9,
                0,
                "semaphore",
                0,
                71,
                5,
                5,
                0
            ],
            "child_modules": {},
            "Compiled": "Yes",
            "nMops": 472,
            "end_perf": [
                0.50367903709411621,
                0.058991000000000002,
                0.024996000000000001,
                238896,
                250756,
                38304746041943,
                8589934594,
                0
            ],
            "Compiled Times": 2,
            "nQuads": 218,
            "nRouts": 33
        },
        "tb": {
            "start_perf": [
                0.50371098518371582,
                0.058991000000000002,
                0.024996000000000001,
                238896,
                250756,
                1650163687.109503,
                38304746107195
            ],
            "child_modules": {},
            "nMops": 6156,
            "end_perf": [
                0.5201258659362793,
                0.072987999999999997,
                0.025995999999999998,
                241916,
                250756,
                38304783946977,
                25769803777,
                0
            ],
            "Compiled": "Yes",
            "Compiled Times": 2,
            "nRouts": 241,
            "nQuads": 2766
        }
    },
    "reusePaths": {
        "amcQw_d": {
            "icPath": "csrc"
        },
        "reYIK_d": {
            "icPath": "csrc"
        },
        "g7hgQ_d": {
            "icPath": "csrc"
        }
    },
    "CompUnits": {},
    "ObjArchives": [
        {
            "size": 106934,
            "archive": "archive.1/_11335_archive_1.a",
            "objects": [
                [
                    "amcQwB.o",
                    106934
                ]
            ]
        }
    ],
    "stat": {
        "ru_self_end": {
            "ru_nvcsw": 40,
            "ru_minflt": 28577,
            "ru_maxrss_kb": 82988,
            "ru_stime_sec": 0.029995000000000001,
            "ru_utime_sec": 0.072987999999999997,
            "ru_majflt": 1,
            "ru_nivcsw": 22
        },
        "ru_childs_end": {
            "ru_nvcsw": 26,
            "ru_minflt": 8615,
            "ru_maxrss_kb": 22732,
            "ru_stime_sec": 0.014997,
            "ru_utime_sec": 0.0019989999999999999,
            "ru_majflt": 0,
            "ru_nivcsw": 25
        },
        "cpu_cycles_end": 38304790695877,
        "peak_mem_kb": 250756
    }
}